3HVeUY3tYnCg7yHe3JN0bS,user1,user1
1jAcpD1o1W4PxU1ZLm7qCq,user1,user1
1jAcpD1o1W4PxU1ZLm7qCq,user1,user2
7yfi8B8opXjnRh4VZnOkz9,user1,user2
0iCKKpHuwjcCnvQ7oBP8FI,user2,user5
68pegrzvkoKDQfIFFgvb4Y,user2,user3
1AuH8eXCNIzojMqt5xBrSO,user3,user5
0mfpBXjYkiYt4Qrr2aFQ6U,user4,user1
0mfpBXjYkiYt4Qrr2aFQ6U,user5,user1
0pDB9JmbZxupqmZuuevxjS,user6,user1
2C6WXnmZ66tHhHlnvwePiK,,user2
0iCKKpHuwjcCnvQ7oBP8FI,,user3
0iCKKpHuwjcCnvQ7oBP8FI,,user4
0iCKKpHuwjcCnvQ7oBP8FI,,user6
4ihi58h10eos6quCNQzJFl,,user4
1oEPa4o4yRCKNPVD0PVUkW,,user1
1CEYsFOS0hAoVxuqtRmaLz,,user1
7IeEeLdTBfXfRE6Er9ZZhz,,user5
6uCuqwcNem1t2usnC0g6tG,,user2
7msN1LzdaPvIJo7CPVrUks,,user6
6hD61ZcjIuhhsPw9fW2OWy,,user3
0RPgPDZ7hoAJRyaS7uTF3y,,user6
1xz9uWsud2O07LXUcxN7vk,,user1
0M40AxxgVf7Pj8F6A0npHv,,user2
0QWrFFFbLYV74autraI7QW,,user4
2ZiFqYVqFov05oVA8QQjEP,,user1
3HVeUY3tYnCg7yHe3JN0bS,,user1
5l0OKeMHVIzgRmmVEXhxzH,,user2
2luFEc1iqWhF21bdcbXpTR,,user1
05BVRn8zyr2xhLz2V4IdZV,,user6
2YVanb1Jb3E3d0clnjUqFO,,user2
6Msy1aF3AU9pBRTAoGT9vK,,user5
3DjPqQPooCrDf7b2TaAfdP,,user5
322Be9xdBaPhiB8rX6BVls,,user6
7aeC8XRoU9s8b0OPUfUbtJ,,user1
3C1Y2ufbDRDQXFl1sIF6Eu,,user6
209gShZ4rJWhT3l9jZ1cM2,,user3
3mfpjwb6hBGf8tefXHvD5Y,,user2
4KpbX4SG1vdPQOTYtU1eAT,,user1
1Sq06k3jxNt7lPcXDhZGmT,,user6
4ioWqOmUrEsmHVPxw1oK9I,,user1
7LQ76WMufF4B0QWL9PWYtf,,user2
1HR28lkrh1WlbE5QRchi4W,,user1
4gWoygRy7vI1Hxs99fymb3,,user3
4EPzJ1EcqobV4211kM0PMh,,user4
4Nz5ui2QPkUXo1BfFI0PJg,,user2
7Hj1mJWiusjs2DvG3l0V8T,,user4
2UWOd9bOgVFoQDErUcLpkh,,user4
1kzIORhZnMI0uogctXscRJ,,user6
2yxMDNWlGtsTes4Jbrddoi,,user1
22ZWJIDpUo9KUpTsVaHVmj,,user6
4vdNhluG6A3bJBOM7deuZK,,user1
0BhJS4udcbXXiuyi6XfgqU,,user6
6MHQObYccj0fpYH3NnxewV,,user6
4wn6ZeIgJvXOk0bHPlHrrX,,user5
51ibczFjbaSrxynt6yKKah,,user2
2CKuiigXBhyzIrNu0ux7DB,,user6
1mZCwJiRpLc0Jv0941ixvo,,user2
2te0zilIbpYuFm9S6btNx8,,user1
755eT9EDA6vjWcFv5lLUGI,,user1
3WRgVyCZPM4pp1ovZV0plh,,user5
2NrO2kuuSGV5ZJCaCj2x1A,,user2
148EvxZg9NiPKOI5MoeSWn,,user2
7JPlYKKFQ6iKWAxsFZF3IS,,user3
0xn6LxYghEct04MQTcrtrJ,,user3
6RSQJWAsHqCAqhH9cgStE5,,user6
0qPXWl6hpUG6ull8irt3my,,user2
4jZCSQmDeHDR3OfUDfYe9y,,user4
6kslvD7StQ2y8QA3OazsHw,,user5
4jyUMfiJlCpLlw0O2QQIUk,,user2
55iqYfPGIKhHpuCn7XFatf,,user1
42T6D7s04qCRSOzwG2GjYg,,user1
2MNfoGG4bvK4ULEfi8GOzS,,user1
7h2yzh9vIBxSBN3885QyQt,,user6
7jj8WmWbs7yQ6d9qvR7A9u,,user1
3it9fpQ311Eq6LBZITUQDM,,user1
1UBJn7Gl6weQ4vZ68EAphl,,user6
0hKRYFBw0mYz9PCraRVE4t,,user6
3cJwnThTyZwDRZLZA5UNrc,,user1
1BDyjxOKmnl9r1n3LatvPY,,user5
1OLkuTadZZSdfzgUeemRsU,,user2
7KC13bS7eUYeXcRXvfYhAy,,user6
0AdfqJ9xqVeqjSCalSlt3w,,user6
17XoLUQLHu3r7dwbrUkxnT,,user2
04ETtRUKmJoN14q7cDyWpD,,user4
4LtwfqJ09TgATT87gZ7qfO,,user2
6ZX1PCq8GsEkjoDPiw800u,,user1
4CnXpZ9lvb1y2dlcTi3eRv,,user5
3TFqmSj8f86nCBTTF0GjB6,,user1
0Ungs1C2UKbCJabb94wity,,user2
6OtxcWnKrgxoFjcwV8WBBy,,user6
0N5m0V3VZ4TLTHhiTxeFV1,,user6
7icnM2e2keUTbD4hTb56lt,,user1
4f0Hm3TOLmSYgHZt4dKZft,,user6
6cC9RY7MoUx5z3aHjDTNI6,,user1
5JDcQAztvZTIkrWoZihgvC,,user1
57uX2vR9j9DNiANDYfXw1i,,user1
0SuG9kyzGRpDqrCWtgD6Lq,,user3
5ZhaKUsY68U0lgREFWfoxg,,user4
4mKYqRVmYP4tKZGitN2iWh,,user5
0Tel1fmuCxEFV6wBLXsEdk,,user1
5UQGObp0GyFOEnza3RZLX8,,user1
07iD4QakKODQeFo9e3WAoy,,user6
3X98HtWtLOFAQbCxBtJhAT,,user4
4QOvPpYXtouassK5ynu0Bm,,user1
4w8CsAnzn0lXJxYlAuCtCW,,user3
4ple7ttcPeJCUeQpw3oBNI,,user1
5WDlNHQW1LmcQIA15oGjiW,,user4
45Tw2NZgCTA0CHwrkuakCj,,user1
2WmDlNSXpyYgMK0ws7ZWDa,,user2
6YVXITGuhhZsqad7Bv3FoK,,user1
0kzARJc89BZmrweXC9KRYa,,user1
4hrAKlxfblnG7llBEEX7TR,,user1
2Fpf5a5fGDWSHNj1iIPc5W,,user2
3URt4lJQlANOstDBAWQJA7,,user6
4a8s6BZ80rnyE68P0ccrwt,,user1
2PkxIx7ciJa4TdZ73hflTt,,user5
2cDmufujMKs7oF4H2smhZI,,user1
57JNg9mhfUrnwVPCVRXAGD,,user6
17ShlJqMaQrLb322XUOmJp,,user4
1sTmPiXe42f42myJn2feNx,,user3
42WPVWtxYdFE9fb8Vp24FR,,user1
4oa14QBfWRDfJy2agySy0L,,user6
5eAZSmWJjKNnMposeGbcCh,,user1
2nDNTkHniE3Zrjkdo0AWM0,,user1
7LwGBxB0h0CVmkOZxYKn0g,,user1
1MQwg2JTIHjdsOHUR6bdso,,user1
5tBFh4FcGsz4pf2oPzor7v,,user2
426biaKhy2U7oRwG4aYcHG,,user2
0LsjslkVlUfC8VFkUf4Obi,,user1
6INCY99c7qXPWEmjFIaK9O,,user5
0mHLjnf8WOHbTZju6YmABO,,user4
3XHrTm6WE2BOHafLwTT3GR,,user5
7EmdcS02B8XSgIBG5Arcyp,,user1
1BovLZqK6sPDQp7T056voV,,user1
2HFe3SBWxkjfJYJxQUMcJA,,user2
4EC81x7yH6ncvo3Fox53C8,,user5
7sokgasPUsCliYJAJ40jUz,,user1
2Hvx9NRVxGt0lJw75JtF11,,user2
5dP9RZyaj7aT4j4F1HdsEC,,user1
3PqNAJu3MohcUBxptteq5m,,user3
6G164fhptlht4w5SYe58Ha,,user1
1gsgLwatCiw4b26UzvdY9T,,user4
7DDVCRbNEPkgtMYMDltS2Z,,user2
12yRyu4yYDzhDFlZceD2bl,,user1
2Ol7OqWCnXswOkzaCTSB76,,user1
09b5vch8cDyMN8vYA2lEwk,,user5
3qbKSx87ALzHLzxER45hRm,,user1
6KWaHrw6woNeEF1n9eHciQ,,user2
3RP28uWsdXhqxJ3rguyRJb,,user3
4SXcG6Ti32myNw9GJ9qeDt,,user1
5Vj5yAih3rfGbgjtiFSKae,,user5
6GJBhfHsANTgnluQ8dtWFN,,user1
7oAxYcAwKR63sV6FlVniIM,,user5
0ncNATabhk3YuCKrliUJIc,,user2
4obZmruqiHLDOaZnnawOJl,,user1
64yrDBpcdwEdNY9loyEGbX,,user1
6nhXQsTkO269rYzkXsFMbA,,user2
2naABleFrgQXQhD8qor28h,,user2
15lBD3mVxl4WOCpPwwtagh,,user1
3Klz8mH2KikOTfXBdxW8ih,,user2
2naABleFrgQXQhD8qor28h,,user2
33xwNKSyylKbLBeoSfFcsD,,user6
4XFOlHEgvbC3BgRVAioOLe,,user1
4U4MLqoj0N1yQs7LPR7uwp,,user4
2COhljkZObSdthS0NG5s3B,,user3
2mV6U9Y2CGU7CmpUDG3JhR,,user3
5KU5uvwJBhe7ILd5NIo0Jd,,user1
4oNE3J8jeuISfqXu5izE9Y,,user2
6ludDfvzfTs2aq81YnJyrn,,user1
4JPC7KeWp5u0EP5pA9dfZX,,user4
1x8Jkja0YFqibq2mXQaURh,,user2
6ivkBaxvclVhwZDE2uwldj,,user2
6NuZdEnxVWVKQfrFz3wjoL,,user1
3pf68uQwbpUTAyEp1W2l8Q,,user6
5DrbAQreLMULsXu9l3Licv,,user1
042WMi4HHIl4ZJkXB0bqLH,,user4
5mdjfBsyzl78NQI4sI4IzR,,user4
6V2SKZhymLim16ri8A7K6h,,user1
0NWncjEPgxPC1UZOMPv9Zb,,user5
0GNI8K3VATWBABQFAzBAYe,,user6
3ZOFuDo1IXZD1cyJyeictw,,user3
7psPPGwhFzP3pyOcb3ivcT,,user1
1lp2sVjzBj4DAVUQ6uTNBD,,user2
2eY6DKepxaNDBIjfNntBKI,,user2
6roFGRylq0lm0FQSqBFMcr,,user4
0Jab895fPkyyQdNkMl6nYi,,user2
7quFUf8mR7wUxeJip0awxn,,user5
5gNnk9wX2pxRD0IVRdQqfQ,,user1
7eRxYS0JBGcoDmhu2pSXpC,,user2
32RM4BuHGZ6mfouw8UpEQ6,,user1
1ltukfdQsIUteluHNy9W6I,,user2
7N25m7BXUuC6UdUbkLCd20,,user3
6qiiDtFAJjyEhoZVcf6ovL,,user1
4h7qcXBtaOJnmrapxoWxGf,,user1
3C2BKKKa7xrz2uWqIN1Mnh,,user1
0fbR95FEaJUxiQYaqZZukv,,user6
5FmvaZGd6fulojSToozLRD,,user6
1REbZ3UbmWRI0lL5BlO7LH,,user2
158YX6OCJ8WUJIUKfW7Dt1,,user3
1BDyjxOKmnl9r1n3LatvPY,,user1
4QUPZKGJ3DLhtXarqa6vkq,,user1
5SCTC7J7goC0GzPAVHG6oa,,user1
17XoLUQLHu3r7dwbrUkxnT,,user3
4vdNhluG6A3bJBOM7deuZK,,user4
5G2g7titQVbMK8jjRPWWr6,,user4
5C5FqRfbXF9oY4HSRYyqn3,,user1
6MoZKGOjmaqybA8N2M9Pp0,,user1
5tLPWQUcUHvR8kRr8k33cl,,user1
7rT5EueK9KKODs7zVQPiCP,,user1
3EDBibqyd4DIRAvcygDLjW,,user1
0Q8FBMTjudrUBU00q2asEJ,,user4
6m0NJr3VkHehiNKSDXTP0i,,user2
2rVXlGX60sbfulNNzUDBfF,,user1
3L7srY9AWa1nDu1TcoSHjd,,user6
3oLe5ZILASG8vU5dxIMfLY,,user5
0eUiHZiEkeMbh2alketeOv,,user1
7aeC8XRoU9s8b0OPUfUbtJ,,user6
5v93SfimQcZTllzKhvnUld,,user2
3RDmKLCy1wAfddbapp9Zz3,,user1
52YypWDLM0cjdKlc2KWAja,,user2
5jR6E1vBIpCQ6NMqUQErxF,,user3
4GfH3SjnLizhCx3aq041mM,,user1
3cLqK3LPVrTIzfENVmYLoU,,user1
1FYd1szE0RHXOAM00V4MEx,,user4
1Kq972nuSzwc26HjsdCcQS,,user2
2IMEl1dR1R5GgUWcJKCqBg,,user6
7h2yzh9vIBxSBN3885QyQt,,user5
4gNSVn1JIinpSlE8nH4SIR,,user1
3xNWooYGrMAvbE7ahOKwdh,,user2
5C5FqRfbXF9oY4HSRYyqn3,,user1
3tAoywyf3MGINZdqZY9Yj4,,user3
6RS1l5EYTeA5L4rCXqUQMU,,user5
6vgG8BGJ8dwTORzLQ0tL95,,user6
3RXnkZzX2bDvDxFoCVV1xK,,user5
15u4rajXFznEtwpdn63csY,,user1
56Orv9bRGqgQxtVvkxjVud,,user3
7a7SmFF9lrxd0vcOwq7x9Y,,user2
28JUUfedMt0m4KOVxBbnbA,,user5
1zcOHUlFAZRt8IzpjM8moo,,user4
00Kr3rYkPEoXnxkW7gY4ek,,user2
2KR3XkJdsVJrF1ISG1QbLy,,user4
5p4A7nsujQPP0KfNRR1s3Q,,user2
3Lu3pWvbMm3Rsy9UEVT6Gn,,user1
4PWULszgjlRPdMbEXzINxK,,user3
3GpFIYP5YzTr4c0djAzFlu,,user2
6ox0BtzYRNG5RmuWvHQeGE,,user2
2h46QzQMYq9pP3BwJTZnkY,,user1
4Eo64lefZbwdhA5dyIPthG,,user1
6OtxcWnKrgxoFjcwV8WBBy,,user6
5EMZATSe3JMsdFlMsgyOIl,,user1
7GP9H9G4JTqtyuYeaZLKeo,,user2
0vHhhXkGGV2zF1NsN2EfIr,,user2
2oFABTLRjaO8NkIos2VIm3,,user1
57AlxjJrWpWg0vF7eGksir,,user1
5t3Lsr5pfGYWsEfAnZUfEa,,user1
23OXdR7YuUBVWh5hSnYJau,,user3
17XoLUQLHu3r7dwbrUkxnT,,user5
4ZhJ8n72lhQBG7xdtdx0q9,,user2
15mMLrl3Eox62mZri6pfmW,,user4
6Knv6wdA0luoMUuuoYi2i1,,user1
5P1jmdXofL5aP5PxpAu2Ci,,user1
2XKTYqFY4C0CKEQzzJmxaF,,user1
5nYNMJFa09vzUe8CqgAWDj,,user1
44VRTehzlYrNoNEpY6drvn,,user2
1CQbkprZg4mqfmmU7OvC8W,,user1
1u1XTfuVFbc8RM2qZPMvfG,,user3
7MtJpy9oC923cvDGvmG0AO,,user6
6iMOfHo001IDBNhV4Ts2ys,,user6
2rsiHickOuICU1rdVHepK1,,user1
6Vkgqk2XvLHshAyoHDg5O0,,user3
2D3TsH6MJPkquSeVYM3NEo,,user2
2kkgTkqvSloPNVVhnSgNk6,,user2
3Rmc1J4r9rG60101cOGg5B,,user4
4vuQoE3KaeYJTqTdRDzlFM,,user1
6NwRJLEnGOpjyB3WWRqTqR,,user1
4svXHoaxoJjeYYntdzlBfV,,user2
7x4TgKfKBDhWA89BKnaVTo,,user2
76YzI2HL33ShbPtZH3USQG,,user2
1jM2QTSDYKWOgJniPX5wxe,,user4
6ebkx7Q5tTxrCxKq4GYj0Y,,user4
0D2WSNca99Ho9NS7xb7UOd,,user1
5SehvGGC53A7SZKCLXQcyt,,user1
1GwROqQcnHYI1iitP9Eoqu,,user1
3EtyEzMpfKSaoVhPunvbRV,,user2
1qbO3kWQrUWuElSNeZzspH,,user3
1C6L5Lir4LeWhkPo722Rs0,,user1
4r4XnjgKC6ZdpraUrbLE8W,,user4
4ojZsy7qWsXeFuobipe5iA,,user5
1DXiHLduLuzHgkImRDSajz,,user2
2zoieJWYYKzmsFGLX2R98k,,user1
4HEq4FguWZPjSoptANselX,,user2
0aQA9DP54h37OevE7hRc2a,,user2
2vQGRBaHanbrpfXmLhbaBP,,user1
5jkky7WaRCTaplkMgQZBSb,,user1
3uKxSYyWgMqu9LrgC2Lo7v,,user2
54EYM0KVCPy46t9AYTBiHq,,user1
7M07NxnAwV2uT4RvmY5FtL,,user1
6dr7ekfhlbquvsVY8D7gyk,,user4
6R58ABndZ3DHKg0sYwW5yH,,user1
3MqfdNsUdpLeLUu3jGGKKy,,user3
0SsGg0Hr7mrH5rxc4wldwU,,user1
6DVS7trlQaO54QRt1hKxX9,,user2
7sWeGBVmGMtEgSrI9DVegk,,user6
2VlZs4GZJtHwc7GndjPAX0,,user5
6UVsj8z0Ie1McJMV2NtUJQ,,user1
4cxvludVmQxryrnx1m9FqL,,user6
2tRBFmaODbTEYgO5OR98hL,,user3
6qPmaTUG1Qj0eWgnxYWy8G,,user1
4sS2tlrtRIlzgSNiQympSe,,user4
6GG73Jik4jUlQCkKg9JuGO,,user2
32lmL4vQAAotg6MrJnhlQZ,,user6
2ihCaVdNZmnHZWt0fvAM7B,,user1
0lwkTJnLBVWvEnxtku7Msy,,user1
6mcxQ1Y3uQRU0IHsvdNLH1,,user2
576RSqZL7SullyH36nC48R,,user1
1e04ya8crosRB2KwZ01pd9,,user1
6RHHbAbyIcPpvS1dP3KUGq,,user1
6hmhG1b4LEyNuashVvuIAo,,user1
7yt0AXeSRzO0kez2sGR6Dt,,user1
5bvOGvGj55IqELeYog4STn,,user5
1jJci4qxiYcOHhQR247rEU,,user1
56eqgqngHtKeIZPZH37KZu,,user1
7nA1GfwQ4tvRKasUNt28fs,,user1
0XhjcAbs9JZSo1mr63ewgL,,user1
1BECwm5qkaBwlbfo4kpYx8,,user3
6e6lDhigjHGm6zQM3C1ezN,,user1
6Dcc2Qt1yoBAsxL5qFm7RQ,,user5
1tP5jKPJ4l4WnsW4UKeC36,,user1
4tCtwWceOPWzenK2HAIJSb,,user4
429IbFR4yp2J81CeTwF5iY,,user1
2m1hi0nfMR9vdGC8UcrnwU,,user1
0BRHnOFm6sjxN1i9LJrUDu,,user1
2TfSHkHiFO4gRztVIkggkE,,user1
23oxJmDc1V9uLUSmN2LIvx,,user1
4KacUpvbA3Mfo05gttTjhN,,user3
5oQcOu1omDykbIPSdSQQNJ,,user1
6L89mwZXSOwYl76YXfX13s,,user1
33iv3wnGMrrDugd7GBso1z,,user5
5lDriBxJd22IhOH9zTcFrV,,user1
4wzjNqjKAKDU82e8uMhzmr,,user1
3WrOGPmjif1RRBhNRqNzC3,,user2
4NZrZgrRoR4GwR7flWOXRI,,user1
0kD586ste6xyDRqUYhVlCh,,user1
1RV87cUPftYXWXWYINpPEf,,user1
4alBIXf6Z8ZqJT7pxUL905,,user2
7lUEfgYUsAyGw1dNClLU35,,user5
76g0fco8BMJy1JyoZ6jqhL,,user1
0Q8FBMTjudrUBU00q2asEJ,,user1
6LlkK8kG5sOLdd9DXRnDnN,,user1
1qbO3kWQrUWuElSNeZzspH,,user6
15mMLrl3Eox62mZri6pfmW,,user5
6LlkK8kG5sOLdd9DXRnDnN,,user2
6FVYwnVrnAEIRnY3bHJb46,,user5
7A2dius6RtCZDWbJmNe6gQ,,user2
4bk78jvK8Fe9YHqruOJW0v,,user1
0qcjuYtMWhBjXg0Xwt5SzS,,user2
18oWEPapjNt32E6sCM6VLb,,user1
01YROQCnF1AQm7SCWJmD2o,,user1
2zYzyRzz6pRmhPzyfMEC8s,,user4
5QgQeBU5kzNL93xWBfAoj6,,user1
7BKLCZ1jbUBVqRi2FVlTVw,,user3
6s3GEN8wK0OMzzzZbXj0fu,,user5
16qYlQ6koFxYVbiJbGHblz,,user5
0OwX5aROoW1Iip8FV51Efg,,user5
6Knv6wdA0luoMUuuoYi2i1,,user1
6gj08XDlv9Duc2fPOxUmVD,,user1
15u4rajXFznEtwpdn63csY,,user1
62vpWI1CHwFy7tMIcSStl8,,user6
2Z8WuEywRWYTKe1NybPQEW,,user5
4tCtwWceOPWzenK2HAIJSb,,user2
3Du2K5dLzmduCNp6uwuaL0,,user6
33iv3wnGMrrDugd7GBso1z,,user1
1Je1IMUlBXcx1Fz0WE7oPT,,user4
5WTxbyWTpoqhdxEN2szOnl,,user6
23oxJmDc1V9uLUSmN2LIvx,,user1
6mnjcTmK8TewHfyOp3fC9C,,user2
0LN0ASTtcGIbNTnjSHG6eO,,user1
5y1jgbDNgTfxoWXv3FhH2Q,,user2
0xxZY5C9xxij3D1HkzbnfC,,user5
0ExooX499WZt86WCYJrJ2G,,user1
6rPO02ozF3bM7NnOV4h6s2,,user1
62bOmKYxYg7dhrC6gH9vFn,,user1
5xM801uXVrqhUb0PzeSLvJ,,user6
6JLcz9UGiVxAmEZXlCucn5,,user4
2771LMNxwf62FTAdpJMQfM,,user6
5tFep7dXGd7vEJ668wTPux,,user5
23ZXJk94ak9AZRujzHgcSY,,user5
1V6gIisPpYqgFeWbMLI0bA,,user1
5UMD1Iz7yyVK8Q5FLsVt3q,,user3
6QgjcU0zLnzq5OrUoSZ3OK,,user4
0k2GOhqsrxDTAbFFSdNJjT,,user1
2nLtzopw4rPReszdYBJU6h,,user1
7JO1J23FW2SXGso2w01BhQ,,user2
5Q0Nhxo0l2bP3pNjpGJwV1,,user4
3VZQshi4COChhXaz7cLP02,,user3
2TfSHkHiFO4gRztVIkggkE,,user2
3Zwu2K0Qa5sT6teCCHPShP,,user5
31MkGwj0SWgZaTvEt5Hgxv,,user5
4bPQs0PHn4xbipzdPfn6du,,user2
6TzJLISIitIzn1WtjDY0Op,,user1
2EvddT8rcO99bKH0rDHAYG,,user2
73hlXep4OHLx28ewDZXexh,,user1
4ns2xaym21aBOOUN1vaBPJ,,user2
0IF0vGwaJQ8ZCh0QxhW6OV,,user4
5NIPsWpDjJTFBoPxCUUeXp,,user2
66S14BkJDxgkYxLl5DCqOz,,user4
5NQbUaeTEOGdD6hHcre0dZ,,user1
4MhTFsyqIJnjsOweVcU8ug,,user1
2bJvI42r8EF3wxjOuDav4r,,user3
4QNpBfC0zvjKqPJcyqBy9W,,user1
5A6OHHy73AR5tLxgTc98zz,,user1
0a7BloCiNzLDD9qSQHh5m7,,user6
7swocJUCUWTCiRUAU9oerC,,user5
1LoriJC05IrHIDwj3q0KC1,,user5
5xLyTbCFONUGUuG0LtUxjn,,user5
2c5Isyd07hWsl7AQia2Dig,,user3
7CUYHcu0RnbOnMz4RuN07w,,user6
34x6hEJgGAOQvmlMql5Ige,,user2
26fZwf1ImE4aUJ4XaqOkUg,,user5
6mz1fBdKATx6qP4oP1I65G,,user6
28UMEtwyUUy5u0UWOVHwiI,,user6
1RC5Mb0VhnlhnMlFDnrvE0,,user5
29pnVkbuLgwX3yoZ1uDD7h,,user2
0IkKz2J93C94Ei4BvDop7P,,user1
2u02eLj96Atd6TBxkH9YvN,,user6
7cv28LXcjAC3GsXbUvXKbX,,user3
36IWziKKiPQ65IU4cBQ5l2,,user3
0qOnSQQF0yzuPWsXrQ9paz,,user1
4caiYv89C9GZdDD1RzshWd,,user6
7GhIk7Il098yCjg4BQjzvb,,user5
4liDEld3TFcxqJPXw1W3uw,,user1
7LygtNjQ65PSdzVjUnHXQb,,user2
5mbZpR5RTlDFcT4L8UeCmf,,user4
4ycLiPVzE5KamivXrAzGFG,,user4
6tGHSOlvCGZnypHCHGvYY1,,user4
2PcEkXVUbQP8OWQFT90LhC,,user1
5HOpkTTVcmZHnthgyxrIL8,,user2
31EdJlJr0myVrjSzv8hKG0,,user2
6LlkK8kG5sOLdd9DXRnDnN,,user2
63MXGCTIFkcym8Uze8FH4v,,user1
4nEFN34skwr6bqOMLrY2sL,,user2
1LkXy670O5vQINf1eWECLn,,user4
3PPx8HHsDiQnvSPa8I1vyN,,user5
4gBXRrlOqwKUR5wFyXMYW8,,user5
5SdF6EZQrGTYrp2XNnzqB9,,user3
5OoQlwhdCudi7BCs8hFgRX,,user2
4Enix8OwqfEIAI4s6cNcTm,,user1
0toyRZZHpnmn28FL584vUs,,user4
76PFaHrtqAJ7BLIM9iV705,,user1
5CqlUrSDWmMkPOgId4dqxv,,user1
1XK5U2ZjXmwnpB2toazFUo,,user2
0TtEP2xLt11EXu2ATRoDTU,,user3
5o5xJYGg262IcGUeyH9HIy,,user6
0fV9KdTqfQhjdh4xEtxZwu,,user3
5fKQFbb3VdtjN1GysFmrQm,,user1
1bqvpmxrX0rLiL7Wu6RWvd,,user1
3bvBs8l1lB8G0ljUOjjG6w,,user3
65Lxrs9ynVe6nhq7796sMN,,user1
5W3ONAYLMnZCjTQZ85eEs9,,user4
4dBImXn3dY4IDWEPwypC5f,,user2
1cwGF0e2ZvFB0Zdbfl6qAW,,user5
2vf9BREgy3OlVVroLlawvE,,user1
7f1f0etCl7FbH5kG1rWdmh,,user5
1fU4Lkt7BjMU41RVFJwe4c,,user1
4DcBzY0WNqvwVQYSnhNQOs,,user2
6pnzEgLB6vlUKwOwh9f9Jy,,user6
6ZvJR4HQ81hYPjz8qAwJnE,,user3
6I3z0vyxrtXJ13MGYbo7OT,,user3
52F1fCBpVzDzLNRfMx1W3u,,user6
0jjklXQ2FZb6Ujhk72UxuW,,user2
3ieh7TBN3gAZCAaOYsoOZt,,user3
7fuso44DeERkHeCgTuGBRG,,user3
2THefrmjOrqjd0vLXvr94q,,user3
5lVnoZv3X84hvnB6cZp34o,,user1
4FOVOZXq2S2hXZ5KY8FhZN,,user3
2PpgKQyGoMy49lthoRBimj,,user3
5QgQeBU5kzNL93xWBfAoj6,,user2
7A2dius6RtCZDWbJmNe6gQ,,user4
1zYw5lO9MHvoFvLQSHL1dU,,user6
3RXnkZzX2bDvDxFoCVV1xK,,user3
1vpIpYiTmfPHK69ME8wJ0k,,user1
31EdJlJr0myVrjSzv8hKG0,,user1
34Uv9CGMn2tMbjFVy2NFT3,,user1
7zgYZ5nBEeY4U4qf8H6rYK,,user1
1dQMyzDOqlvr6YIYouJM2n,,user2
6Gmze9qVKpERkY8rzxdjVe,,user1
6LlkK8kG5sOLdd9DXRnDnN,,user4
1HmThv90lBsCDrHqNqbjO8,,user1
4goKsrzIKnlOelVz5aiZyI,,user2
1SC65EG1YqStvPMxfk9df8,,user1
0hIvS4xH5DEbIhaISd1FDH,,user1
3GCsB4xkS8bC2M4pZlXRDK,,user5
6xCpoBwEwevuJ6oL59oXIQ,,user1
4kCzfd0GgvTmcnWRqTRBPn,,user1
7pV7kKIYzrF78k1rQUJDhb,,user1
38Qp6QvZjUUUHDClaGkwoM,,user4
7J09LMEQ1Jyi914Ow7OvyB,,user1
0UqzGyeOB6Ajj5dsh08klF,,user5
0bXJUOzIPWoAVSBMFczcr2,,user1
3Rb8QCg4t0iFpixf3jBFWM,,user1
7JywlI1p9q3mGmv9ICLrVH,,user6
1tGGhmwQ8etSQ3ZtyEsiXw,,user3
5OIryHYVymgS9Ds22yMMF2,,user2
4bHhE7fbL8jU6niJzqM8AX,,user1
3m1sNBYotVRdWHvxCFzo7o,,user6
3zDKUTMUJfgQFOvVpufppA,,user6
1tDUWK7czCtTQEf5gFzCDw,,user2
0pvBjNpFLSfKMeYg0DALBR,,user5
3dYXHyIqyiTNXxAr1jqSIv,,user4
1vxhsOrJNb4gpZtc54LCpg,,user6
54OZAnhZ66avw4PGpf6txo,,user2
29G4yefQTG0elFvaq1qW3L,,user5
3fIULop3IoVv22Vxk3bREi,,user1
7AiMx4M1RndvZ4wPw6wOo9,,user1
3sPkbCKGi3jjpLnYLZxUov,,user1
68A9AyH6eO3LbZOPZEMMrl,,user4
6Wg7SC16Dz7gV2i2bHa0FT,,user1
31it2xK7iBWeCF0eveTOcs,,user2
5dqdsxEK65vh5sZmtwqMTl,,user2
5blPaxcTrwlL8qR78qkbu4,,user3
5LFvjTYs1uMXHL0zYs6QJy,,user6
51NW6Ri6QV2jbW62gnJ6AY,,user2
4SZX62tGrPZc0HInO1VqL4,,user1
16Hp9kf9yQ5gNpZNyuTynt,,user2
2XFMx6lo34pt3FSumCJ0gO,,user5
0nbH8GHaO0A18DIMlMGQ5W,,user6
11hTgoP5ml1sO3C3mxb8x5,,user5
5jCgETrwTVTWcmAdPT9KxI,,user3
2FGYRFCNgSWuM1LlGRVEIP,,user1
7wUWBknX69yRIFrCKz5VEE,,user1
0BPRWLAi1caowvmfxqRD6f,,user2
3mjd47Nsjbbt2uEBBiWvk7,,user1
3AFPkGWf7yPF1J9Kjar0TE,,user2
24jSjZkfWIpIslpxcAHBPF,,user5
4iTSCjN16lHCotvuIRH1tv,,user1
044kzoJSr0QCqmP7YWJVgL,,user6
10jJmzlp9WXUQvDbWQy28v,,user6
40fRJStls14Ru3xJvit0nl,,user1
5jIwEwIDdc2VZLZkZqgGty,,user2
27eUMtmd4l46EO0UJ9d24c,,user5
0FUDimCIzylAAby7pYDc4H,,user6
3sfubTkJaFLMlBtX0KCwA0,,user3
6NnNzy8yxt2EseWwcVl3Hm,,user2
00wBRJMvirudkGVbU3t2bm,,user1
0PiyZrUsneOKBDVQrwA7Ff,,user2
5hd7LgtuYRCIxud5x12BKk,,user1
4vuh9zMhdgzEQ9ZLPJHGVp,,user1
10jLf4m7oofircnXAjfmgg,,user5
26n1x594AUFOBwS8OxKV8L,,user1
3IXolXm0MUOSWbfjT57qrd,,user5
2e5Cb32irdAPI4G68Lh6QW,,user2
5J8FfTuIUx19i6MeCoonkk,,user2
7CyF9s7oESUFKQ6t54QxiF,,user1
0snnd5D2aTjHPKMOzOd8hA,,user1
1QzO7MOPrIRlW1ZTygKei4,,user1
32XJCwwqltkxj7vRjw9z9C,,user6
6zGXq1D3q5A1MvKIDSUbsK,,user1
6QgDeMUA33veuoCirIK9f9,,user5
5ovoIhd6nImJc9XbFas14K,,user2
67uZlxHIVMPLvbqQj1IE2Q,,user2
3h3W34fcJYIKafSrT2PXWQ,,user5
1aKvxlMT1IRvUgWDAyl2GC,,user6
47XjVMrTAaOLQ0k8NYCdyQ,,user1
7tuvU2wChEqqXlhH8i4Xs0,,user4
1ZhM4R9TDxOH3BlQGsKDyg,,user4
40UpXVwPyGQOCEEJpVLhyn,,user6
1y6U28IyN1OTKz4JJYOtiH,,user2
6qGs58WcucFNfAsXpBrGJ4,,user2
2kgZ69RmZcaKeyC2O5nrYb,,user1
21nG2V2EwU6a2JaejWq5UA,,user2
5SLgay95kz6KUq8lwn4RGJ,,user1
28DL43zExpW0VCPLTmMzOf,,user1
1zIVHPRkKaeAUDTPiJDKhX,,user4
76bOM5jps31TDdSq2IMzp5,,user1
37ThQJbzTz9mnreKZsgzxJ,,user6
0grFc6klR3hxoHLcgCYsF4,,user3
4aPeeN8IYOCMNBGI0p7169,,user4
2DaEFCMaprAH4vZmzQYaxc,,user1
6FT9FZccFD6nE8dMNslz2n,,user1
0G21yYKMZoHa30cYVi1iA8,,user5
3SWqGa1J0M7hSBUDM0KePD,,user2
7MSWxMumjz6lHj7oRApNbg,,user5
189D3XLBjj2YTCTD6QKdJY,,user2
1fnULsZuORnAgCFFbM8nTZ,,user1
3IyCL4Em1GOpNGDf451Hg1,,user6
6lFVmakxYOXqtBtkbGXrOD,,user5
459hV1lf1Ia1ofPdYDZQVs,,user1
3ycnLH0vm7D9K2QHA4cAnq,,user4
0daHbdrLvUmkh81rnolMcG,,user6
6hvSILCCQT5a0MRcOE36zd,,user3
4TPgBDOEVwywalXHFUUUQY,,user6
2YmJZWGcy0yONMCsEKOuVD,,user4
5Az8KU81g2aLBbJN67F2CI,,user5
1ggbqc7jhg454UpFfSmdam,,user2
3asFGFY3uLjMDmML1p0tYm,,user4
3Pzh926pXggbMe2ZpXyMV7,,user4
1K48Rz8fb7x6zdJkyVoQoq,,user4
1bjN2FLqJO3cU9efOFcRpS,,user3
2B9sTgrTUR2Cg9o8e1GT9w,,user1
22MaTYGutS36j4KOXfqvQn,,user1
2KkglYERoV6dGi9ME4iYsw,,user4
18zG4sti0gnHNnobLOBjmr,,user1
2bDENJyfbxj0neGiXUFvIX,,user2
45HAjqRWiNv6mMPw4NvZrU,,user5
0zSSanWJnvCX5xHawmMKa9,,user2
02bJ6uGeHKfNOhIc9qyA8e,,user2
7yoBjKO6cCnK3zV8gr1k4e,,user4
2PZ5teF9vepeL2Qq7dkd59,,user1
76FKM1IevJeZC5vqarglp9,,user2
73TxYZd0lBCVRrHawrAglA,,user5
6p8DGrcAUBuLUgDIKcUn0P,,user2
6d4FWjx72iuRWzn1HwywLK,,user1
4zx4H3Q0ASymmPgbfUmeRo,,user4
2lRBYUc9UNOMoeFaKxa6lh,,user1
5MKtQtz40BsJZvqkS5FmC6,,user1
4f74h9bcuHOroCaVsKIr4F,,user5
5ghIJDpPoe3CfHMGu71E6T,,user1
7oob8M60wM76SlqThEwoTC,,user4
74zUPQTB6HMnfS1cagJnd8,,user2
0Ti2dlF2xLjXblvdU5fCxM,,user1
4kTHDmH15ubreezeDqRHXc,,user5
7s7m8L8NcIYzgw0qmoghA8,,user1
5Xx8krVxg1pRy6CXieB7FS,,user1
0AVIswXP3Q5FnlorjU0DbI,,user5
5w6B0sAH7XauCvMOAtplQj,,user4
3dPQuX8Gs42Y7b454ybpMR,,user1
1euszbbvkUzQzIhZUWFmXG,,user1
6tsojOQ5wHaIjKqIryLZK6,,user6
7iqQK2bzlcVePuTbfw7zEd,,user2
1uqU0nq6DCbJMktSlUvQV8,,user1
4Tqrg7OkfVYIa5x95vUpaV,,user4
7ISL3LO8AWP3fKIXunvqTa,,user3
64pGB9FHgZsu60aNC3mK9s,,user3
5ugzDiilhy6ILKmKfhEzd7,,user5
3c3XnCPwxGhQEHFxxjQcWe,,user5
0uppYCG86ajpV2hSR3dJJ0,,user5
47d9B59RxiLKUOolxaqoOA,,user1
79M3Eq1q61lkeQJ1OCVEdZ,,user3
7aOor99o8NNLZYElOXlBG1,,user2
1gmkhItwZZ4hkcxr79g7XC,,user2
1VPUpUwtbpoRVXt0txVU0w,,user2
4qMzPtAZe0C9KWpWIzvZAP,,user1
6bZ97N6T4TigAwBignOJXp,,user4
2F7dO7OCqrxff66epaNPEU,,user3
0eW2eEXedTyfGXZkuppSPh,,user5
5QUhSXDrrX7euR87oeQevM,,user3
4LJhJ6DQS7NwE7UKtvcM52,,user4
2d4e45fmUnguxh6yqC7gNT,,user4
1jMaB19DiVR8OihLSuYFOt,,user2
6rF4s1wwsOa2EZF5MF6D3B,,user1
0GoXEhMzYwI1LCaohRqxGl,,user6
7aO35V27YDi4hKOL9odSya,,user2
6QewNVIDKdSl8Y3ycuHIei,,user4
3VqHuw0wFlIHcIPWkhIbdQ,,user1
305WCRhhS10XUcH6AEwZk6,,user2
35u6OtruMBLZYAouGUzRSH,,user4
0YZLy2PSpOA7Nw2Yg0Hfxa,,user1
1Dr1fXbc2IxaK1Mu8P8Khz,,user1
3nGWzFBJ5tMzHWAgs16fK6,,user1
7x7WyzZjrXd1oruLCcTnhw,,user4
7kF1iPJTj3VFJX9XokQ80F,,user3
25YlltWXRb9k7KbrEBRuhJ,,user5
4VqPOruhp5EdPBeR92t6lQ,,user5
2eG7o3BfbzohiETArwsX1K,,user1
0UqNIatgH3yQrJwqajOM2G,,user4
1GKsOmCVxqmNavF3nAIrwE,,user3
21cyIowSvYSPaqeUyTaIpX,,user1
04caEZhAsQKnWqKsMwk9ud,,user2
3XBPCbTU9rSGuyuK7Xbj4B,,user1
6NvRxjfYkkT2SpirAlmsjH,,user6
5hmAx18RDdlqvN1ikcPCC1,,user4
1G391cbiT3v3Cywg8T7DM1,,user1
78ZTkIlW7NLXRCCPecwUyd,,user2
6ISZ6sKcNBdYJS7XYHm5cV,,user6
59WN2psjkt1tyaxjspN8fp,,user1
6Pg2ttZeTjuLo6msRt34J4,,user1
4quY4yoXnp7Se8g6A58U83,,user3
5IT8xFwoxDnSbe3p2l9pIt,,user2
6IRXMRAckv2A7lB7rrFzrP,,user1
777iKLDmmPiMAAB7OUW8bf,,user2
6vW733UYX1zHJofZoZFMrc,,user4
3nmmLaf8PrQwexOWVbuI2c,,user1
6JwkJxprgIWvn5bn80710S,,user3
6x9lMc5gEck0sOHS3CLmdY,,user1
6am4gR3i6sTSt3MRjEU7sh,,user1
13GUmWrOYPpjTS1Mf9LQih,,user6
1lJI4qjM31tgOrBJp8um2A,,user2
5mmmjhQjqh7HxmAcVbKn4u,,user2
7FztffhbxrY55oP3L0qWiP,,user5
3I9a0qrPaXtAySy5F4Rv4N,,user1
7z8KdwRQnTkkFlp6c46D37,,user1
5tKkyk6FPsNfBUMyT3A3JF,,user1
5ezeM8yCEGmLAYkD4qh2aJ,,user6
7CYkGjNA4gdzdyNt2zEm2H,,user1
13P090kWZLMdWUF6uDlgCI,,user5
55neEe7SldEIreusL97Roz,,user5
0fu3A3V2n3BrsH3ejrFt6u,,user1
7nIcSHlvM81ek3T4CmnyPM,,user3
6YY88UCUlsuBm4J06aFad2,,user3
6oSf0Bj987aUvfeeUwDzms,,user1
62ot8EZT4Qfu7HPycCfeEC,,user2
3zcq0T1SAaj1bKMB1CA72w,,user6
5eeD5pIZ2DmcvczyznxWWO,,user6
7IQYAlR6q2wGlaWvorpG26,,user2
62Y0UBI79pP7xjVK2dYXzK,,user5
6oyF4HUkKAlbsZTYxO9YTV,,user3
1kVYXfxTWSftIZtmYr6yH8,,user2
4odWmR05uVl3Adkas6Ap9e,,user5
1RmTAoVVobOM7DYD0818UA,,user2
6OtxcWnKrgxoFjcwV8WBBy,,user2
3TDvKI2Jt5nccrjO5D3vGO,,user4
2UaHQTvPh4fhQ5BYESyuc2,,user1
4mGdjNMo0RonTlOEb7cYg4,,user2
6Knv6wdA0luoMUuuoYi2i1,,user1
7MmG8p0F9N3C4AXdK6o6Eb,,user2
5NQbUaeTEOGdD6hHcre0dZ,,user1
1WoOzgvz6CgH4pX6a1RKGp,,user2
6AoYWCzsDls6c61Zp5qTuU,,user6
4scpF6J5uMBvoh6sFB7EL1,,user1
6eT7xZZlB2mwyzJ2sUKG6w,,user1
20IZ0jYjnFO0NxyiaRsJwb,,user3
5YEOzOojehCqxGQCcQiyR4,,user1
0OwX5aROoW1Iip8FV51Efg,,user3
6ZSO7kPn8IMJFymyticbJO,,user1
6s3GEN8wK0OMzzzZbXj0fu,,user1
16qYlQ6koFxYVbiJbGHblz,,user4
217xrcrbBtgJhvlHicxTSH,,user2
4ERTzfs1MW2FKn0V9D7fJF,,user1
2ZICF8SFI5tHttaLJKMY1X,,user1
7BKLCZ1jbUBVqRi2FVlTVw,,user1
2VBo6OXRntDFDCzeXYZq7D,,user1
5wQRNkb7OhzJoT1P0OZ4Rw,,user6
7BNDyzwDboNRR2wmd7GSew,,user4
3fo6DYGktjENCiagUeU9yH,,user2
02M6vucOvmRfMxTXDUwRXu,,user1
0z5ZPs57J2KERwM1tBM2GF,,user5
2V4bv1fNWfTcyRJKmej6Sj,,user2
02M6vucOvmRfMxTXDUwRXu,,user2
1B3wni0sggmsNEj9ElSNBv,,user1
5FXKtG7dHDw1uLQGePTJ6J,,user4
6gj08XDlv9Duc2fPOxUmVD,,user1
5NQbUaeTEOGdD6hHcre0dZ,,user1
2d8JP84HNLKhmd6IYOoupQ,,user2
3ESSGgWzRf1xvP7G5hHMhB,,user4
1WoOzgvz6CgH4pX6a1RKGp,,user1
6AoYWCzsDls6c61Zp5qTuU,,user2
6Knv6wdA0luoMUuuoYi2i1,,user1
4scpF6J5uMBvoh6sFB7EL1,,user1
6eT7xZZlB2mwyzJ2sUKG6w,,user1
20IZ0jYjnFO0NxyiaRsJwb,,user1
1OAYKfE0YdrN7C1yLWaLJo,,user1
5YEOzOojehCqxGQCcQiyR4,,user6
0NTMtAO2BV4tnGvw9EgBVq,,user3
5RIVoVdkDLEygELLCniZFr,,user1
15u4rajXFznEtwpdn63csY,,user2
6LlkK8kG5sOLdd9DXRnDnN,,user1
4TTV7EcfroSLWzXRY6gLv6,,user1
6dr7ekfhlbquvsVY8D7gyk,,user2
4cxvludVmQxryrnx1m9FqL,,user6
0NJWhm3hUwIZSy5s0TGJ8q,,user1
71X7bPDljJHrmEGYCe7kQ8,,user1
2G9lekfCh83S0lt2yfffBz,,user2
6OG1S805gIrH5nAQbEOPY3,,user1
3nJYcY9yvKP8Oi2Ml8brXt,,user2
2yBMVrq96wb9OHbMdBs0lF,,user4
54Sc7mZQ1RM03STpk4SfaA,,user5
3dP0pLbg9OfVwssDjp9aT0,,user1
1CzeuSrm71wHP9qsjg7p3F,,user1
7EqpEBPOohgk7NnKvBGFWo,,user1
27MB0qHaYAZiTlwg25js1Y,,user1
3lXyAQ0kekAvY5LodpWmUs,,user4
6p7jXaTJdpzGWnOJoK2jYr,,user1
6oF8ueLn5hIl4PRp17sxW6,,user5
7m9XR7FquXLP1FewdAcNS9,,user6
1mGO8rwCE9zk7H06OxcU5m,,user3
733tju3KUeatsbjcTRQ04i,,user3
3D4J0o9w44QKFrBrYrSVJY,,user1
2sEq2rC3ynYsT49x7utWnd,,user3
7qfoq1JFKBUEIvhqOHzuqX,,user5
2W9u3whoCkQYOUbmnSrHi1,,user1
3TfKt8mPpdXfQTMfRjHzyz,,user3
2qFIJT5hjqaNFA1GKwl9me,,user1
3s9itRgJYcKhem01P17865,,user4
2TK2KSrzXD6W01qjXVjNGh,,user2
05bhmaAD1urZnQMWNd6p3S,,user6
6KRHMYPIWRgFWlXPgqO2Fp,,user1
1WHNqqRWhJVZIdCScFKtl5,,user2
0Iys022UwQ8xBfxE1g4nWZ,,user1
4eeN8erNIbW2osT0knz5vT,,user4
68Ijc4fPmT3P5BN6Vrl2s2,,user2
1DLfR4MOfLYbV6v3xrmWa8,,user4
16sNPUamj4vnA7uQLozRpU,,user2
7D1Lf7N7AtCuEq5PGJtIPz,,user1
4B3qvzOMzLQXLeYgPsG3KA,,user1
6lsFGDo1IEEPFKh94c9kFe,,user1
2ydKgIVZAQXeYLWtxU8DFS,,user3
40LYL1Z6xgCn5cBybo5K0D,,user4
0LpHC9mhPAQC98IjXZIrif,,user1
6SHI6STEW51cQkAXBRpLNj,,user5
1dZutYKh4BtPlxbC81wV34,,user4
0P09TBGSKiQwfUsEh1UafT,,user3
7EsSVPxaYoAZjQwhspJBs2,,user2
6LlkK8kG5sOLdd9DXRnDnN,,user1
1Rw2v8vGFV8CzA7ryvxH5D,,user1
1Rw2v8vGFV8CzA7ryvxH5D,,user1
6I6NX6tjGsxFAsIfGzY9lJ,,user3
5CVdwvnAjg70y8OYTAnYbA,,user1
77TT8Xvx637TpzV8kKGkUw,,user3
0UAmPUdpTRq8w54B3H8TzY,,user1
46X0dXeliHXD73sxexJx7d,,user1
4Tzf1U3MWwHQosxyWTXJ1Y,,user6
61zTSexBvC42Db8jxMHuKx,,user4
7dVHOqCffbYh40RXcX9c7P,,user1
0KUwlmkv3tBpkcAzBVy7fu,,user2
3Q2hvDrSBaRP3ihAnJEXSI,,user1
0lkPF726lKcMjoSHj35OpT,,user1
0EMYJmiYczo8y8l2xLVt2Z,,user6
1B3wni0sggmsNEj9ElSNBv,,user1
42Pmjcgp6ZXIn1SV092zs2,,user1
0EihYhd99jGZ6xzWM1Wd4Z,,user1
1TNmOYD0Sp54mBnF06XYWV,,user1
5FXKtG7dHDw1uLQGePTJ6J,,user3
0l42jV4riEGLWuT0HtkxlJ,,user6
4Vyt1hSjEqJtAZ9lTg6bH6,,user2
3ahK0tXapp571s7AjoBHq3,,user2
7tmn5vxGo2lYaDwZm9jwtk,,user6
5RePFldQaYKHcZ4sLYg88a,,user1
5XVypJf2F3rKG0Rj2Sk9hp,,user1
7nyJD7x8cpEm9hkymZeS9g,,user5
0AjAZHENBL385g7UhiStxb,,user4
18imPfkdpeY11UIBKgjEy4,,user1
3b3SOrNwvCDwm6Te59PaVq,,user1
52Ix4mkAOe3fWKuSe8sVjD,,user1
1KTOozC2pR3EViWUIAtriK,,user1
3wQA3JV0BgU0gmnJvJmrLp,,user1
1tjYhwFH2MASGtIwtaUGHJ,,user5
6gkazP4CzuqO9PidBN2Yia,,user5
6tpiuWdHhLoMPdxV7P6lsq,,user6
19Vmcix2frZcF5l9dwiW3i,,user4
5u9p8837EXwd6xkoYjZCLE,,user5
08pKjjuPO7F5aB40UGoFQ1,,user1
47mttmAB3SgDQjoFWglTtx,,user2
7p8ufb1RTH7FRZixfUKMMv,,user1
0vy5TPp57QB32z4OzJfhEz,,user3
6Pws0HnRmTGotYeJU9Poxw,,user6
64hXPYQlOPEcWaHe5pFnk9,,user3
2jTyweO9FijOE9X63vuYHR,,user1
4FKsIUZNP1ceqOUrL1Njol,,user5
1bHdvHxJtDANpMqdA3Ccb5,,user2
1su8x8df7K7tfelNNkqSqs,,user1
1f8WY596Wzjs8ytlUqbeHa,,user6
0s9qbO99BUHxOl1LNCk4lt,,user2
52F1fCBpVzDzLNRfMx1W3u,,user1
0jjklXQ2FZb6Ujhk72UxuW,,user2
3ieh7TBN3gAZCAaOYsoOZt,,user3
7zgYZ5nBEeY4U4qf8H6rYK,,user2
7Knl0NAtJ9dij86DEzol63,,user6
2nTK7pIcfJ0QDVUP3MssYP,,user3
4quHjAcx00DzkEiJxjtSe4,,user1
3zbnvxvqV5lL4Vq0FznWsX,,user3
6GgPsuz0HEO0nrO2T0QhDv,,user1
3N5oiETJEStSB71TjTFkWV,,user1
3rbNV2GI8Vtd8byhUtXZID,,user1
3oqCnpAoHf3SDFynxx7AU4,,user5
2V65y3PX4DkRhy1djlxd9p,,user1
7frWizM5FgJkaUl1rXhVtO,,user2
4gdx3sBwgfZTZAqxKzQVTA,,user3
7pNC5ZIKtwUK0ReSpM3P9f,,user2
6YUTL4dYpB9xZO5qExPf05,,user5
0uFvvXbmGIXlf5ZgtHyYpf,,user4
6ycaeJRyCc1Wh1OU9wGMA0,,user1
4qikXelSRKvoCqFcHLB2H2,,user1
5jrdCoLpJSvHHorevXBATy,,user5
2QtJA4gbwe1AcanB2p21aP,,user2
1H3xDr271erOeSvEvvV3Gg,,user1
0385HqYimoTQaHZP17KwG1,,user1
3pKQIwxQBKO2In4l5EZmBO,,user1
67awxiNHNyjMXhVgsHuIrs,,user6
1uH1Nd8vet2uoZSDFSDwbh,,user5
5xGIqIiGr1do6RRpIviwGG,,user4
6gf1xlPETW9CwjsdnUzW3g,,user2
53nYJhuLN93D8WIDfJd4Rf,,user4
7EKTo6rVJ3XSS7QTd6ep2j,,user5
2QD4C6RRHgRNRAyrfnoeAo,,user3
3cHyrEgdyYRjgJKSOiOtcS,,user3
1ntrgXaJx0fi1gwxZXrqPg,,user6
2sLwPnIP3CUVmIuHranJZU,,user2
0xMd5bcWTbyXS7wPrBtZA6,,user3
45GtRWedzDAzG55MPosniU,,user1
60wwxj6Dd9NJlirf84wr2c,,user1
1rEHQCkmLYY0CDrIborSoF,,user1
3N5oiETJEStSB71TjTFkWV,,user3
2IpGdrWvIZipmaxo1YRxw5,,user1
0RIHDrcRAXtUlnkvTYPW1a,,user1
4erIrODaoV04TQrgFFaTbm,,user2
77TT8Xvx637TpzV8kKGkUw,,user2
0a8uknDuoiWLuACnaLPlgr,,user3
6jG2YzhxptolDzLHTGLt7S,,user6
5QjJgPU8AJeickx34f7on6,,user1
4if4AqzRQgEtTF1xXddmoc,,user1
0Nf3vtVBfiayZL7c8r4KBO,,user2
3bidbhpOYeV4knp8AIu8Xn,,user1
7kfTqGMzIHFWeBeOJALzRf,,user1
1HOlb9rdNOmy9b1Fakicjo,,user2
7LBohG6plAhWaHjuzi4CpY,,user3
5qkWTBmDmZjogwIvbKtJQv,,user4
7ueP5u2qkdZbIPN2YA6LR0,,user1
6rbeWjEavBHvX2kr6lSogS,,user4
77TT8Xvx637TpzV8kKGkUw,,user3
2QtJA4gbwe1AcanB2p21aP,,user5
37jTPJgwCCmIGMPB45jrPV,,user2
0r2Bul2NuCViraT2zX1l5j,,user2
1NpW5kyvO4XrNJ3rnfcNy3,,user3
4dL1HwRWQgWK9timX9PLex,,user1
3OPcnA0I7z5gy5Pjgn9Z48,,user2
4QNpBfC0zvjKqPJcyqBy9W,,user1
1SDl9wY1MqbpJQW0yKEWxL,,user3
0aYQsp1vZZcX0JBEJvKF7N,,user3
6pL7puHxh1psrLzrAlobxQ,,user4
0LN0ASTtcGIbNTnjSHG6eO,,user2
6eYYm2xwrvdav2yakF3cqg,,user3
2Hx66vdWgA4DE0yqqktQiT,,user3
0Rm6GWdapFsg4Z6r2Ae3s8,,user3
56eiBoBXtQs1FtD4aJiAaF,,user2
3JiockjOTd8m2VGcTGkmew,,user5
1N1JEeVv5TO2wQpk7vGVLs,,user3
5KONnBIQ9LqCxyeSPin26k,,user4
0Oe49j06Bjrxs8PltuVeaW,,user6
113sWqjcYyjbb4caE8wVsV,,user1
2TfSHkHiFO4gRztVIkggkE,,user2
3IcGfl8jVOapoWGRV9QP3u,,user6
1E9aajc0oQj6idxRlFeNYQ,,user1
4304kbwhzhb8A3n6wl27Kg,,user5
2erNwv0Yti7uirpIU8wbvv,,user6
4bPQs0PHn4xbipzdPfn6du,,user1
5eB7w8UZJKjL5XmnC6Pctg,,user2
2ZqTtndqAZDRAWw2vgZwQK,,user6
1zCiqxhampG4dcC7HEqPu5,,user2
2yualMrPoBUG1aEsnGqT60,,user3
4lpfwDghKEIGVBLDR9N2iN,,user1
6nfXml1tJgN4H5AY2Xy84f,,user1
5A6OHHy73AR5tLxgTc98zz,,user3
1gugDOSMREb34Xo0c1PlxM,,user5
41Ypl7Pzkod2H0VlcZH5DS,,user4
4srpHYFHKjVGRDNHqRpWxi,,user1
2Dz8KeCYs9awlwUJStJlmh,,user3
0O45fw2L5vsWpdsOdXwNAR,,user6
22wnCb72tYF0imQFJEJCrP,,user1
6J6RWKCPN5RFKHUKEUFjxS,,user3
27AHAtAirQapVldIm4c9ZX,,user6
7EsjkelQuoUlJXEw7SeVV4,,user1
1Je1IMUlBXcx1Fz0WE7oPT,,user4
546QTayX6j4GcZsfTRrVnL,,user1
4JtVOeyOJyPLg72MbGoNn8,,user2
0bRh7pc1nfIv2edfcIUlKh,,user1
27L8sESb3KR79asDUBu8nW,,user4
12fPYntS7MBJKdZkF4Juzm,,user2
5kGCh49aqeRMkEOhQ9mcrW,,user1
14B2bUopOga5V3ypld7d6n,,user1
4YwNf1fLZt9IQhJeHNWfBi,,user1
6NyhBA9M6KK0fuVsojxL00,,user2
6Ius4TC0L3cN74HT7ENE6e,,user3
4txn9qnwK3ILQqv5oq2mO3,,user4
7lL3MvFWFFSD25pBz72Agj,,user1
4Tjh34RS4ACZ6f6srlDBg8,,user2
4qRjfovbhI4EwP7VQNfxVW,,user3
16qYlQ6koFxYVbiJbGHblz,,user2
62vpWI1CHwFy7tMIcSStl8,,user1
30Chv2SmIry70YwtmtaKnj,,user5
1HNs07uZxZniPNmniw2GTa,,user1
4gkl7QbQvBd3TM9PhlWFkI,,user6
0aOluBqXYd0rFSCsgDyAWX,,user3
5V3sahnGj9XuMgIjGOxvWJ,,user1
7xVLFuuYdAvcTfcP3IG3dS,,user4
6rRupvuAzMWi8XcxHF4wPH,,user1
4rYgV3xc1LGCXn0sLkkANE,,user5
3Z2sglqDj1rDRMF5x0Sz2R,,user2
6WeJ2ZTeHZ0VuObJ9vRV94,,user6
2sLwPnIP3CUVmIuHranJZU,,user6
6gf1xlPETW9CwjsdnUzW3g,,user3
0uwmgMXqoJ7wh102MTHTN7,,user2
2n5gVJ9fzeX2SSWlLQuyS9,,user1
7E8jojFn5X3OPPuTx6TmPe,,user1
4kNvYhyl8R6m1vykVkcuBu,,user2
4jtyUzZm9WLc2AdaJ1dso7,,user3
0ifSeVGUr7py5GggttDhXw,,user2
4Tzf1U3MWwHQosxyWTXJ1Y,,user2
46X0dXeliHXD73sxexJx7d,,user1
3DvXCbvkyzyfRYiWOJKWEr,,user6
0svl7cK07gK1ia5ainczU5,,user5
14WB9RMGcLvEKWNgPP22fV,,user1
14WB9RMGcLvEKWNgPP22fV,,user1
1rEHQCkmLYY0CDrIborSoF,,user1
5ik5nMy8vdS2rXe7SAGt2K,,user2
0A2lJqfi04TKDTJYoKBxa9,,user4
2T4JE91t7Js1DJ4rSHltcQ,,user2
0ZZWXHDXn6zWDsnz6KSfGQ,,user3
4PjP1pyA9pDDByAheDumTH,,user1
6gf1xlPETW9CwjsdnUzW3g,,user3
22BwaoGHQOTfFhHTndm7DQ,,user6
2sLwPnIP3CUVmIuHranJZU,,user1
61zTSexBvC42Db8jxMHuKx,,user1
6WeJ2ZTeHZ0VuObJ9vRV94,,user6
1eN27pPLzE59zuFbY8SsiT,,user2
4rYgV3xc1LGCXn0sLkkANE,,user1
3DvXCbvkyzyfRYiWOJKWEr,,user1
0b1jU8TBDMK2vgdQ8DBrnf,,user6
3Z2sglqDj1rDRMF5x0Sz2R,,user4
7xVLFuuYdAvcTfcP3IG3dS,,user3
6rRupvuAzMWi8XcxHF4wPH,,user1
6t2eIONH4Sax3R21QWiKNp,,user6
2n5gVJ9fzeX2SSWlLQuyS9,,user6
0uwmgMXqoJ7wh102MTHTN7,,user1
